{"function_0": {"average_f1": 0.020725388601036274, "median_f1": 0.020725388601036274, "extraction_fraction": 0.0, "prior_average_f1": 0.020725388601036274, "prior_median_f1": 0.020725388601036274}, "function_1": {"average_f1": 0.6666666666666666, "median_f1": 0.6666666666666666, "extraction_fraction": 0.0, "prior_average_f1": 0.6666666666666666, "prior_median_f1": 0.6666666666666666}, "function_2": {"average_f1": 0.020725388601036274, "median_f1": 0.020725388601036274, "extraction_fraction": 0.0, "prior_average_f1": 0.020725388601036274, "prior_median_f1": 0.020725388601036274}, "function_3": {"average_f1": 0.0, "median_f1": 0.0, "extraction_fraction": 0.0, "prior_average_f1": 0.0, "prior_median_f1": 0.0}}